[{"title_en":"2022: 173 million francs for projects under the transitional measures scheme","title_de":"Jahr 2022: 173 Millionen Franken für Übergangsmassnahmen","title_fr":"2022 : 173 millions de francs pour les projets liés aux mesures transitoires","author":"Daniel Schnyder;Simon Gorin","datastory_category":"standard","publication_date":"2023-03-21 04:00:00","languages":"en;de;fr","short_desc_en":"Initial preliminary figures: in 2022, the SNSF invested 912 million francs in new projects, fellowships and publications of its regular funding schemes; and a further 173 million under the Horizon Europe transitional measures.","short_desc_de":"Erste vorläufige Zahlen: 2022 investierte der SNF 912 Millionen Franken in neue Projekte, Stipendien und Publikationen seiner regulären Förderinstrumente. Weitere 173 Millionen vergaben wir für Horizon-Europe-Übergangsmassnahmen.","short_desc_fr":"Premiers chiffres provisoires : en 2022, le FNS a investi 912 millions de francs dans le cadre de ses instruments d’encouragement réguliers. Nous avons également alloué 173 millions aux mesures transitoires Horizon Europe.","tags":"T220T,T230T,T320T","author_url":"datastories@snf.ch;datastories@snf.ch","top_story":false,"github_url":"https://github.com/snsf-data/datastory_preliminary_funding_in_2022","doi":"https://doi.org/10.46446/datastory.preliminary-funding-in-2022"}]
